Equipo;Prod_objetivo;valor_m;Progreso;T_extra;Incentivo;inactividad;ociosos;Nro_cambios;nro_traba_eq;Productividad
8;0.8;26.16;1108;7080;98;0;0;0;59;0.940725424
11;0.8;11.41;968;3660;50;0;0;0;30.5;0.800570492
12;0.8;11.41;968;3660;50;0;0;0;30.5;0.800570492
6;0.8;25.9;1170;1920;50;0;0;0;56;0.800381944
7;0.8;25.9;984;6720;38;0;0;0;56;0.800125
3;0.75;28.08;795;6900;45;0;0;0;57.5;0.753683478
2;0.75;19.87;733;6000;34;0;0;0;55;0.753097531
1;0.75;28.08;681;6900;45;0;0;0;57.5;0.750427826
9;0.7;28.08;872;6900;44;0;0;0;57.5;0.721126957
10;0.75;19.31;578;6480;45;0;0;0;54;0.712205247
5;0.8;11.41;668;3660;50;0;0;0;30.5;0.707045902
4;0.65;23.69;861;7200;0;0;0;0;60;0.52118
1;0.8;28.08;772;6300;50;0;0;0;56.5;0.800725314
3;0.8;28.08;913;6540;50;0;0;0;54.5;0.800322936
8;0.8;26.16;1261;7080;50;0;0;0;59;0.800318644
12;0.8;26.16;844;7080;63;0;0;0;59;0.800318644
11;0.8;11.61;1005;7080;50;0;0;0;29.5;0.800237288
5;0.8;11.61;659;7080;50;0;0;0;31.5;0.800148649
6;0.8;25.9;1152;6720;50;0;0;0;56;0.800125
7;0.8;25.9;1138;6720;38;0;0;0;56;0.800125
10;0.75;19.31;610;6480;56;0;0;0;54;0.787299691
2;0.75;19.87;944;6600;45;0;0;0;55;0.75024303
4;0.7;23.69;544;13800;0;0;0;0;60;0.700134038
9;0.7;28.08;1072;6900;40;0;0;0;57.5;0.699965217
6;0.8;11.61;539;6975;50;0;0;0;31;0.879714482
9;0.8;26.16;1278;7080;60;0;0;0;59;0.850569492
7;0.8;25.9;1227;7020;60;0;0;0;56.5;0.850436438
8;0.8;25.9;1039;6780;45;0;0;0;56.5;0.850345133
4;0.8;28.08;878;4260;50;0;0;0;55.5;0.800598058
1;0.8;26.16;1033;7080;63;0;0;0;59;0.800318644
2;0.8;28.08;782;6660;50;0;0;0;55.5;0.800237838
12;0.8;11.61;1216;6975;50;0;0;0;31;0.800030199
11;0.75;19.31;513;6480;45;0;0;0;54;0.750348457
3;0.75;19.87;734;6600;45;0;0;0;55;0.75024303
10;0.7;28.08;1202;6900;40;0;0;0;57.5;0.699965217
5;0.7;45.67;884;6960;26;0;0;0;58;0.603432184
9;0.8;26.16;1227;7080;75;0;0;0;59;0.850569492
7;0.8;25.9;1255;6780;50;0;0;0;56.5;0.800684366
8;0.8;25.9;1047;6780;38;0;0;0;56.5;0.800684366
1;0.8;26.16;1138;7080;63;0;0;0;59;0.800318644
11;0.8;19.31;678;4800;50;0;0;0;55;0.800250962
6;0.8;11.61;712;7200;50;0;0;0;32;0.800246011
12;0.8;11.61;1037;7200;50;0;0;0;32;0.800246011
2;0.8;28.08;757;6900;50;0;0;0;57.5;0.800076522
4;0.8;28.08;759;6900;50;0;0;0;57.5;0.800076522
10;0.75;28.08;1083;7020;45;0;0;0;58.5;0.7504
3;0.75;19.87;944;6600;45;0;0;0;55;0.75024303
5;0.6;21.98;666;6960;23;0;0;0;58;0.600028736
1;0.8;26.16;1187;10620;75;0;0;0;59;0.850502311
9;0.8;26.16;1305;10620;75;0;0;0;59;0.850502311
2;0.8;28.08;716;10350;50;0;0;0;57.5;0.800594466
4;0.8;28.08;925;10350;50;0;0;0;57.5;0.800594466
3;0.8;19.87;963;9900;50;0;0;0;55;0.800273829
12;0.8;11.61;1101;5310;50;0;0;0;31.5;0.800140969
7;0.8;25.9;1035;10170;38;0;0;0;56.5;0.800128721
8;0.8;25.9;1083;10170;38;0;0;0;56.5;0.800128721
6;0.8;11.61;910;4470;38;0;0;0;31.5;0.80007657
10;0.75;28.08;1209;10530;45;0;0;0;58.5;0.750545455
11;0.75;19.31;590;9900;45;0;0;0;55;0.750057851
5;0.65;21.98;808;10440;35;0;0;0;58;0.649983281
1;0.8;26.16;1179;10620;75;0;0;0;59;0.850502311
9;0.8;26.16;1324;10620;75;0;0;0;59;0.850502311
8;0.8;25.9;1135;10170;60;0;0;0;56.5;0.850136766
2;0.8;28.08;776;10350;63;0;0;0;57.5;0.800594466
4;0.8;28.08;990;10350;50;0;0;0;57.5;0.800594466
6;0.8;11.41;986;5490;50;0;0;0;30.5;0.800343766
3;0.8;19.87;924;9900;50;0;0;0;55;0.800273829
12;0.8;11.61;1120;5670;50;0;0;0;31.5;0.800246753
7;0.8;25.9;1066;10170;50;0;0;0;56.5;0.800128721
10;0.75;28.08;1144;10530;69;0;0;0;58.5;0.8
5;0.7;21.98;413;9720;40;0;0;0;58;0.700480831
11;0.8;31.83;568;9900;40;0;0;0;55;0.412119835
9;0.8;26.16;1216;10620;88;0;0;0;59;0.900215716
1;0.8;26.16;1189;10620;75;0;0;0;59;0.850502311
4;0.8;28.08;942;10530;75;0;0;0;58.5;0.850181818
7;0.8;25.9;1050;10170;60;0;0;0;56.5;0.850136766
8;0.8;25.9;1026;10170;60;0;0;0;56.5;0.850136766
2;0.8;28.08;783;10050;63;0;0;0;58.5;0.800497246
3;0.8;19.87;857;9900;50;0;0;0;55;0.800273829
12;0.8;11.61;548;15120;63;0;0;0;31.5;0.800107143
6;0.8;11.41;411;14640;50;0;0;0;30.5;0.800024932
10;0.75;28.08;1066;10530;69;0;0;0;58.5;0.8
11;0.35;12.52;287;25920;38;0;0;0;54;0.349951389
5;0.7;42.41;724;10260;0;0;0;0;57;0.233705476
9;0.8;26.16;1122;10620;75;0;0;0;59;0.851174114
7;0.8;25.9;970;10170;60;0;0;0;56.5;0.850136766
8;0.8;25.9;1158;10170;60;0;0;0;56.5;0.850136766
4;0.8;28.08;660;10440;63;0;0;0;58;0.801028213
2;0.8;28.08;749;10350;63;0;0;0;57.5;0.800594466
12;0.8;11.61;893;4710;50;0;0;0;31.5;0.800346445
6;0.8;11.41;887;5490;50;0;0;0;30.5;0.800343766
1;0.8;26.16;1335;10620;63;0;0;0;59;0.800117103
10;0.8;28.08;1082;10530;63;0;0;0;58.5;0.8
3;0.75;19.87;1075;7080;45;0;0;0;56;0.750098351
11;0.5;12.52;749;9540;38;0;0;0;53;0.673245283
5;0.5;20.79;966;7680;0;0;0;0;56;0.388007813
9;0.8;26.16;1095;10620;88;0;0;0;59;0.900215716
1;0.8;26.16;1383;10620;75;0;0;0;59;0.850502311
7;0.8;25.9;1012;10170;45;0;0;0;56.5;0.850136766
8;0.8;25.9;1209;10170;60;0;0;0;56.5;0.850136766
6;0.8;11.41;887;5490;50;0;0;0;30.5;0.800343766
12;0.8;11.61;896;5670;50;0;0;0;31.5;0.800246753
2;0.8;28.08;805;10530;63;0;0;0;58.5;0.8
10;0.8;28.08;762;10530;38;0;0;0;58.5;0.8
3;0.8;19.87;1043;6420;0;0;0;0;55;0.690182815
11;0.6;12.52;831;9540;30;0;0;0;53;0.600229846
4;0.8;50.48;562;10440;0;0;0;0;58;0.473134796
5;0.6;20.79;1208;7980;0;0;0;0;57;0.452979626
1;0.8;26.16;1099;8220;75;0;0;0;59;0.850522167
9;0.8;26.16;1093;10620;75;0;0;0;59;0.850502311
7;0.8;25.9;1031;10170;60;0;0;0;56.5;0.850136766
8;0.8;25.9;1233;10170;60;0;0;0;56.5;0.850136766
3;0.8;19.87;941;9900;0;0;0;0;55;0.800273829
6;0.8;11.41;843;5670;50;0;0;0;31.5;0.800181818
12;0.8;11.61;760;4470;50;0;0;0;31.5;0.80007657
2;0.8;28.08;737;10530;63;0;0;0;58.5;0.8
10;0.8;50.48;381;6930;45;0;0;0;58.5;0.688557555
5;0.65;20.79;1141;8460;0;0;0;0;59;0.650040783
11;0.65;12.52;1004;9540;44;0;0;0;53;0.64998056
4;0.35;22.4;581;7350;0;0;0;0;51.5;0.35063299
1;0.8;26.16;1073;10620;75;0;0;0;59;0.850502311
9;0.8;26.16;1156;10620;75;0;0;0;59;0.850502311
8;0.8;25.9;1211;10260;60;0;0;0;57;0.850252525
7;0.8;25.9;1126;10170;60;0;0;0;56.5;0.850136766
6;0.8;11.61;1004;5670;50;0;0;0;31.5;0.800246753
12;0.8;11.61;1063;5670;50;0;0;0;31.5;0.800246753
2;0.8;28.08;723;10530;50;0;0;0;58.5;0.8
3;0.8;42.27;465;9900;54;0;0;0;55;0.705576584
11;0.7;27.13;530;9540;37;0;0;0;53;0.582301029
5;0.7;20.79;1297;10440;0;0;0;0;58;0.526810345
4;0.5;22.4;783;10170;23;0;0;0;56.5;0.500380799
10;0.35;22.4;715;10170;23;0;0;0;56.5;0.35020649
7;0.8;25.9;1150;10170;70;0;0;0;56.5;0.900144811
9;0.8;26.16;1232;10620;75;0;0;0;59;0.850502311
8;0.8;25.9;1218;10170;60;0;0;0;56.5;0.850136766
12;0.8;11.61;1159;2970;50;0;0;0;31.5;0.800313433
6;0.8;11.61;972;5670;38;0;0;0;31.5;0.800246753
1;0.8;26.16;1092;10620;63;0;0;0;59;0.800117103
5;0.7;20.79;965;7320;0;0;0;0;58;0.700095563
4;0.6;22.4;816;5100;23;0;0;0;57;0.600369686
10;0.5;22.4;947;3390;23;0;0;0;56.5;0.499980334
11;0.35;14.61;838;7200;23;0;0;0;55;0.35003125
2;0.8;51.02;1086;4260;27;0;0;0;57;0.311207464
1;0.8;26.16;1160;10620;75;0;0;0;59;0.850502311
8;0.8;25.9;1177;8970;60;0;0;0;56.5;0.850415628
7;0.8;25.9;1281;10170;60;0;0;0;56.5;0.850136766
9;0.8;26.16;1369;10620;63;0;0;0;59;0.800117103
6;0.8;11.61;1084;4950;38;0;0;0;31.5;0.80003139
12;0.8;11.61;1216;4950;50;0;0;0;31.5;0.80003139
5;0.7;20.79;391;10440;0;0;0;0;58;0.700060345
3;0.5;22.52;1102;10170;30;0;0;0;56.5;0.660683293
4;0.65;22.52;872;10080;26;0;0;0;56;0.650130952
10;0.6;22.52;1076;10170;23;0;0;0;56.5;0.600291767
11;0.5;14.89;917;9900;30;0;0;0;55;0.500025069
2;0.5;22.94;1044;9810;23;0;0;0;54.5;0.499998888
6;0.8;11.41;1067;5490;63;0;0;0;30.5;0.800343766
12;0.8;11.61;1039;5670;63;0;0;0;31.5;0.800246753
7;0.8;25.9;1396;10170;50;0;0;0;56.5;0.800128721
8;0.8;25.9;1292;10170;50;0;0;0;56.5;0.800128721
1;0.8;48.68;171;10620;63;0;0;0;59;0.800117103
9;0.8;26.16;1128;10620;63;0;0;0;59;0.800117103
2;0.6;22.94;865;6570;23;0;0;0;56.5;0.77011398
4;0.7;22.52;825;10170;50;0;0;0;56.5;0.7005417
10;0.65;22.52;1163;9720;35;0;0;0;54;0.650198653
3;0.6;22.52;1140;10170;30;0;0;0;56.5;0.600291767
11;0.6;14.89;1027;10080;38;0;0;0;56;0.600273268
5;0.7;41.19;1052;10440;21;0;0;0;58;0.452012539
6;0.8;11.41;1140;5490;63;0;0;0;30.5;0.800343766
7;0.8;48.84;624;10170;50;0;0;0;56.5;0.800128721
8;0.8;25.9;1288;10170;38;0;0;0;56.5;0.800128721
9;0.8;26.16;1381;3660;50;0;0;0;59;0.800015009
4;0.7;22.52;882;10170;50;0;0;0;56.5;0.7005417
10;0.7;22.52;1002;10080;40;0;0;0;56;0.700094156
12;0.8;26.87;585;5670;56;0;0;0;31.5;0.662255892
3;0.65;22.52;1138;10170;35;0;0;0;56.5;0.650416734
11;0.65;14.89;1140;10260;44;0;0;0;57;0.650299575
2;0.65;22.94;1025;10170;26;0;0;0;56.5;0.650243497
5;0.6;20.4;1031;10440;30;0;0;0;58;0.600062696
1;0.8;49.1;1381;10350;24;0;0;0;57.5;0.403242161
6;0.8;11.41;1028;4380;50;0;0;0;31;0.800358775
8;0.8;25.9;1380;3630;50;0;0;0;56.5;0.800162602
9;0.8;26.16;1196;10620;63;0;0;0;59;0.800117103
2;0.7;22.94;1006;10170;38;0;0;0;56.5;0.750517565
4;0.7;22.52;930;10260;63;0;0;0;57;0.750068049
3;0.7;22.52;1095;10170;50;0;0;0;56.5;0.750062751
10;0.7;22.52;938;10080;63;0;0;0;56;0.750057359
11;0.7;14.89;1484;10260;50;0;0;0;57;0.700170388
5;0.65;20.4;1255;8280;35;0;0;0;58;0.650066445
7;0.8;48.84;1040;10260;30;0;0;0;57;0.576460393
1;0.5;22.94;1492;10170;30;0;0;0;56.5;0.549969429
12;0.35;15.26;1111;6120;23;0;0;0;34;0.35021836
6;0.8;11.41;1047;5580;63;0;0;0;31;0.800261486
8;0.8;25.9;1434;10170;50;0;0;0;56.5;0.800128721
9;0.8;26.16;399;10620;63;0;0;0;59;0.800117103
4;0.7;22.52;983;10260;63;0;0;0;57;0.750068049
10;0.7;22.52;1108;10080;63;0;0;0;56;0.750057359
3;0.7;22.52;1134;8460;50;0;0;0;57;0.750037968
2;0.7;22.94;1363;10260;50;0;0;0;57;0.750031898
11;0.7;14.89;1501;10260;50;0;0;0;57;0.700170388
5;0.7;20.4;1352;10260;50;0;0;0;57;0.700063796
12;0.5;15.26;1352;3720;23;0;0;0;34;0.500290419
7;0.35;22.94;1450;10080;30;0;0;0;56;0.400332792
4;0.75;22.52;825;10080;94;0;0;0;56;0.900556277
6;0.8;11.61;916;5760;75;0;0;0;89;0.850410511
8;0.8;25.9;562;7470;38;0;0;0;56.5;0.800436542
2;0.7;22.94;1422;10500;60;0;0;0;57;0.800415742
10;0.7;22.52;1206;10080;75;0;0;0;56;0.800020563
5;0.7;20.4;1404;10440;50;0;0;0;58;0.750344828
3;0.7;22.52;1139;10260;63;0;0;0;57;0.750068049
11;0.7;14.89;1735;10260;50;0;0;0;57;0.700170388
1;0.65;22.94;1595;10260;34;0;0;0;57;0.700029771
12;0.6;15.26;1245;6360;23;0;0;0;34;0.60017284
9;0.8;54.56;757;4140;29;0;0;0;58;0.520237649
7;0.5;22.52;1720;10080;23;0;0;0;56;0.500241342
4;0.75;22.52;759;10080;81;0;0;0;56;0.849983766
2;0.7;22.94;1510;10620;60;0;0;0;57;0.800302791
6;0.8;11.61;955;6360;63;0;0;0;32;0.800191989
10;0.75;22.52;1328;10080;55;0;0;0;56;0.800020563
1;0.7;22.94;1384;12180;63;0;0;0;57;0.750162367
3;0.7;22.52;1244;10260;63;0;0;0;57;0.750068049
5;0.7;20.4;1480;10440;40;0;0;0;58;0.700250784
11;0.7;14.89;1863;10260;50;0;0;0;57;0.700170388
12;0.6;15.26;1492;6960;23;0;0;0;34;0.600436426
7;0.6;22.52;1859;10260;23;0;0;0;57;0.60041361
8;0.8;40.99;980;10770;30;0;0;0;56.5;0.555500132
9;0.5;29.12;970;10440;30;0;0;0;58;0.500547544
2;0.75;22.94;1606;10260;94;0;0;0;57;0.90064806
4;0.75;22.52;727;10260;94;0;0;0;57;0.900321106
1;0.7;22.94;1472;10260;75;0;0;0;57;0.800643806
10;0.75;22.52;1332;10080;69;0;0;0;56;0.80062987
6;0.8;11.61;1009;5640;63;0;0;0;32;0.800537143
3;0.75;22.52;1266;10260;69;0;0;0;57;0.80035194
12;0.75;15.26;1316;6120;40;0;0;0;34;0.750079323
11;0.75;42.97;1282;10260;56;0;0;0;57;0.750041201
5;0.7;20.4;1382;10440;50;0;0;0;58;0.700250784
7;0.65;22.52;1295;10170;26;0;0;0;56.5;0.650416734
9;0.6;29.12;925;6660;23;0;0;0;58;0.600125217
8;0.35;15.09;1448;9360;23;0;0;0;52;0.34998951
4;0.75;22.52;867;10260;94;0;0;0;57;0.900321106
2;0.75;22.94;1636;10530;81;0;0;0;58.5;0.850223776
1;0.7;22.94;1682;10530;75;0;0;0;58.5;0.800909609
3;0.75;22.52;1495;10350;55;0;0;0;57.5;0.800513307
6;0.8;11.61;1181;5760;63;0;0;0;32;0.800386364
10;0.75;22.52;1413;10080;69;0;0;0;56;0.800020563
7;0.7;22.52;360;10170;40;0;0;0;56.5;0.7005417
12;0.7;15.26;1296;6120;40;0;0;0;34;0.70043672
5;0.7;20.4;1217;10440;50;0;0;0;58;0.700250784
9;0.65;29.12;1086;10440;26;0;0;0;58;0.650407524
11;0.75;42.97;532;10260;40;0;0;0;57;0.59114168
8;0.5;15.09;1557;720;23;0;0;0;52;0.500061916
4;0.8;22.52;1016;10170;60;0;0;0;56.5;0.850312684
6;0.8;11.61;1072;5760;50;0;0;0;32;0.800386364
3;0.75;22.52;1584;10260;69;0;0;0;57;0.80035194
2;0.75;22.94;1764;10260;55;0;0;0;57;0.800034024
1;0.7;22.94;1745;10440;60;0;0;0;58;0.800023511
10;0.75;22.52;1250;10080;55;0;0;0;56;0.800020563
5;0.75;20.4;1118;10320;56;0;0;0;58;0.750031447
9;0.7;29.12;1143;10440;40;0;0;0;58;0.70061442
12;0.7;15.26;1337;6120;40;0;0;0;34;0.70043672
8;0.6;15.09;1519;360;23;0;0;0;52;0.600143365
11;0.35;28.08;749;10260;23;0;0;0;57;0.350066986
2;0.75;22.52;1635;6840;119;0;0;0;57;1.000230409
3;0.75;22.52;1299;6840;119;0;0;0;57;1.000230409
10;0.8;22.52;1134;6720;70;0;0;0;56;0.900129762
4;0.8;22.52;1106;6780;60;0;0;0;56.5;0.850312684
1;0.75;22.94;1871;6960;55;0;0;0;58;0.800263218
9;0.7;29.12;1294;6960;50;0;0;0;58;0.700386207
12;0.7;15.26;1462;4080;40;0;0;0;34;0.700164706
8;0.65;15.09;976;240;23;0;0;0;52;0.650307143
6;0.8;30.4;338;3840;34;0;0;0;32;0.622828125
5;0.5;20.79;1455;6960;30;0;0;0;58;0.500035345
11;0.5;48.18;1282;6480;23;0;0;0;54;0.37046657
2;0.8;22.52;1559;6840;90;0;0;0;57;1.000230409
3;0.8;22.52;1350;6840;113;0;0;0;57;1.000230409
10;0.8;22.52;1175;6720;60;0;0;0;56;0.850532143
1;0.75;22.94;1868;6960;81;0;0;0;58;0.850362069
5;0.6;20.79;1045;6960;88;0;0;0;58;0.800534483
4;0.8;22.52;1342;6780;50;0;0;0;56.5;0.800489676
9;0.7;29.12;1340;6960;63;0;0;0;58;0.750593103
12;0.75;15.26;1429;3600;45;0;0;0;35;0.750283333
11;0.5;20.1;1413;5880;46;0;0;0;54;0.500567308
8;0.7;38.09;336;6240;0;0;0;0;52;0.467693269
6;0.35;18.79;511;1800;23;0;0;0;32;0.437995338
7;0.6;23.54;958;6600;0;0;0;0;55;0.285333333
2;0.8;22.52;1416;6840;113;0;0;0;57;1.000230409
3;0.8;22.52;1287;6840;100;0;0;0;57;0.950185965
4;0.8;22.52;1444;6900;88;0;0;0;57.5;0.9008
10;0.8;22.52;1088;6720;88;0;0;0;56;0.900129762
1;0.75;22.94;1579;6960;81;0;0;0;58;0.850362069
9;0.7;29.12;1170;6960;53;0;0;0;58;0.850170115
5;0.65;20.79;1015;7080;81;0;0;0;59;0.800473729
12;0.75;15.26;1436;4200;45;0;0;0;35;0.750646667
11;0.6;20.1;1601;4320;46;0;0;0;51;0.60059761
6;0.5;18.79;717;3960;23;0;0;0;33;0.500117677
7;0.65;23.54;830;6600;0;0;0;0;55;0.48792
3;0.8;22.52;1136;6960;113;0;0;0;58;1.000457471
2;0.8;22.52;1397;6840;113;0;0;0;57;1.000230409
10;0.8;22.52;1116;6720;93;0;0;0;56;0.920236905
4;0.8;22.52;1432;6660;88;0;0;0;57.5;0.900537069
9;0.75;29.12;1082;6840;81;0;0;0;57;0.850610526
1;0.75;22.94;1502;6960;81;0;0;0;58;0.850362069
12;0.75;15.26;1209;4200;45;0;0;0;35;0.750646667
5;0.7;50.89;282;5880;56;0;0;0;59;0.656763743
11;0.65;20.1;1417;6480;49;0;0;0;54;0.650148148
6;0.6;18.79;799;3960;23;0;0;0;33;0.600710606
7;0.7;23.54;1109;6720;0;0;0;0;56;0.388830357
8;0.5;23.54;1144;6480;0;0;0;0;54;0.286984568
2;0.8;22.52;1396;6900;113;0;0;0;57.5;1.000671304
1;0.8;22.94;1582;3060;113;0;0;0;58.5;1.000402055
3;0.8;22.52;1124;6840;100;0;0;0;57;0.950185965
10;0.8;22.52;1282;6720;75;0;0;0;56;0.850532143
4;0.8;22.52;1472;7020;60;0;0;0;58.5;0.85011396
9;0.75;29.12;1282;6960;45;0;0;0;58;0.750593103
12;0.75;15.26;1276;1440;45;0;0;0;35;0.750450658
11;0.7;20.1;1192;6120;75;0;0;0;54;0.700508929
6;0.65;18.79;881;3960;26;0;0;0;33;0.651007071
8;0.6;24.26;1196;6600;0;0;0;0;55;0.466821212
7;0.7;24.26;1400;6720;0;0;0;0;56;0.411553571
1;0.8;22.94;16882;7020;113;0;0;0;58.5;1.000602279
2;0.8;22.52;21385;7020;88;0;0;0;58.5;0.900158405
3;0.8;22.52;21266;6840;70;0;0;0;57;0.90014152
10;0.8;22.52;21540;6720;88;0;0;0;56;0.900129762
12;0.8;15.26;12261;3600;63;0;0;0;35;0.800401961
4;0.8;22.52;23122;5940;50;0;0;0;56.5;0.800393224
9;0.75;29.12;8992;6960;55;0;0;0;58;0.799963218
11;0.7;20.55;9792;6480;60;0;0;0;54;0.700398148
6;0.7;18.79;2984;3960;30;0;0;0;33;0.700354545
5;0.5;30.1;839;6960;0;0;0;0;58;0.500801724
7;0.7;24.26;2698;6720;0;0;0;0;56;0.295307738
8;0.65;24.26;1435;6600;0;0;0;0;55;0.260978788
1;0.8;22.52;1500;6900;113;0;0;0;57.5;1.000018551
10;0.8;22.52;1188;6720;90;0;0;0;56;0.999995238
3;0.8;22.52;1112;6840;100;0;0;0;57;0.950185965
2;0.8;22.52;1452;6960;100;0;0;0;58;0.949981609
4;0.8;22.52;340;5460;63;0;0;0;56.5;0.800434622
12;0.8;15.26;1029;2040;50;0;0;0;35;0.800259023
9;0.75;29.12;1070;6960;34;0;0;0;58;0.750593103
11;0.7;25.31;946;5760;60;0;0;0;54;0.700513566
6;0.7;18.79;913;4020;30;0;0;0;33.5;0.700184577
8;0.7;24.26;1363;6660;0;0;0;0;55.5;0.586465465
7;0.7;24.26;1639;6720;0;0;0;0;56;0.541517857
5;0.6;30.1;415;6960;0;0;0;0;58;0.415172414
2;0.8;22.52;1263;6900;100;0;0;0;57.5;1.05028058
3;0.8;22.52;968;6840;113;0;0;0;57;1.000230409
10;0.8;22.52;1108;6720;113;0;0;0;56;0.999995238
1;0.8;22.52;1532;6900;88;0;0;0;57.5;0.900147246
12;0.8;15.26;1094;4080;38;0;0;0;34;0.800401961
9;0.8;22.52;1086;6960;50;0;0;0;58;0.799963218
6;0.7;18.79;941;3360;30;0;0;0;33;0.700710417
7;0.7;24.26;1471;6960;0;0;0;0;58;0.700612069
11;0.7;10.05;1042;6120;60;0;0;0;53;0.700278846
8;0.7;29.12;1248;6840;0;0;0;0;57;0.700135088
5;0.65;30.1;326;5820;0;90;10;0;58.5;0.650834808
4;0.35;30.1;287;6060;23;150;15;0;55.5;0.350706422
2;0.8;22.52;1300;6780;113;0;0;0;56.5;1.000446018
1;0.8;22.52;1485;6900;113;0;0;0;57.5;1.000018551
10;0.8;22.52;1039;6720;113;0;0;0;56;0.999995238
3;0.8;22.52;1063;6840;100;0;0;0;57;0.950185965
12;0.8;15.26;1083;720;38;0;0;0;34;0.800612676
9;0.8;29.12;1069;6960;50;0;0;0;58;0.799963218
11;0.75;10.05;668;2520;34;0;0;0;26;0.7504
6;0.7;18.79;766;2760;30;0;0;0;33;0.700079032
5;0.7;30.1;557;6960;0;0;0;0;58;0.562212644
7;0.07;24.26;1608;6960;0;0;0;0;58;0.522844828
4;0.5;30.1;417;6360;23;0;0;1;53;0.500720126
8;0.7;24.26;1167;6840;0;0;0;0;57;0.496549708
2;0.8;22.52;1186;6900;113;0;0;0;58;1.000018551
3;0.8;22.52;1060;6840;100;0;0;0;57;0.950185965
1;0.8;22.52;1534;6780;88;0;0;0;57;0.900135693
10;0.8;22.52;1142;6720;88;0;0;0;56;0.900129762
12;0.8;15.26;1021;4080;63;0;0;0;34;0.800401961
9;0.8;29.12;829;6960;50;0;0;0;58;0.799963218
6;0.75;18.79;813;1560;34;0;0;0;33;0.750520115
11;0.75;10.05;677;3240;45;0;0;0;27;0.750027778
7;0.7;24.26;658;6960;0;270;45;0;58;0.662270115
4;0.6;30.1;486;6780;30;0;0;1;57;0.600224189
5;0.7;30.1;687;7500;0;0;0;0;59;0.545657673
8;0.7;24.26;652;6840;0;300;37;0;57;0.365318713
2;0.8;22.52;1233;6900;113;0;0;0;57.5;1.000018551
10;0.8;22.52;1388;6720;88;0;0;0;56;0.9008
1;0.8;22.52;1615;6780;88;0;0;0;56.5;0.900135693
3;0.8;22.52;1283;6720;88;0;0;0;56;0.900129762
12;0.8;15.26;1026;2880;63;0;0;0;34;0.800355208
9;0.8;29.12;909;6960;50;0;0;0;58;0.799963218
6;0.75;18.79;670;3960;34;0;0;0;33;0.75065101
11;0.75;10.05;629;3240;45;0;0;0;27;0.750027778
5;0.7;30.1;754;7020;0;0;0;0;58.5;0.700618234
4;0.65;30.1;712;6780;44;0;0;1;56.5;0.568259587
7;0.7;24.26;148;6960;0;0;0;0;58;0.355534483
8;0.7;24.26;154;6840;0;0;0;0;57;0.353259649
10;0.8;22.52;1127;120;88;0;0;0;56;0.9008
1;0.8;22.52;1506;3600;70;0;0;0;57;0.900509044
2;0.8;22.52;1413;360;70;0;0;0;57;0.900477825
12;0.8;15.26;970;4080;63;0;0;0;34;0.800401961
3;0.8;22.52;1271;5400;50;0;0;0;57;0.800161172
9;0.8;29.12;1073;6960;50;0;0;0;58;0.799963218
4;0.7;30.1;767;3300;50;0;0;1;57;0.790003236
11;0.75;10.05;103;0;45;0;0;0;54;0.750648148
5;0.7;30.1;773;7020;40;0;0;0;58;0.700618234
6;0.75;18.79;708;4080;0;0;0;0;34;0.612517157
7;0.35;30.1;842;6960;0;0;0;1;58;0.350301724
8;0.35;30.1;901;6960;0;0;0;1;58;0.350301724
10;0.8;22.52;1268;0;88;0;0;0;56;0.90063244
1;0.8;22.52;1546;0;88;0;0;0;57;0.90047076
3;0.8;22.52;813;0;88;0;0;0;57;0.90047076
2;0.8;22.52;1512;0;88;0;0;0;57;0.899984058
9;0.8;29.12;1263;2160;38;0;0;0;58;0.8008
12;0.8;15.26;900;4080;50;0;0;0;34;0.800401961
6;0.75;18.79;640;2400;0;0;0;0;34;0.750797009
11;0.8;10.05;13;3240;34;0;0;0;54;0.750648148
5;0.75;30.1;855;7020;45;0;0;0;58;0.750356125
4;0.7;30.1;855;7020;40;0;0;1;58;0.700618234
7;0.5;30.1;1025;6960;23;0;0;1;58;0.500801724
8;0.5;30.1;1061;6960;30;0;0;1;58;0.393548851
2;0.8;22.52;1557;0;90;0;0;0;57.5;1.000344928
1;0.8;22.52;1498;0;113;0;0;0;57;1.000065789
10;0.8;22.52;598;0;75;0;0;0;56;0.850364583
6;0.8;18.79;656;3480;38;0;0;0;34;0.800947475
12;0.8;15.26;854;4080;50;0;0;0;34;0.800401961
9;0.8;29.12;609;3240;50;0;0;0;58;0.800144144
5;0.75;30.1;788;7380;56;0;0;0;59.5;0.750406233
8;0.6;30.1;1069;4560;30;0;0;1;58;0.714410494
4;0.7;30.1;667;5940;40;0;0;1;59.5;0.700588406
7;0.6;30.1;829;3360;23;0;0;1;58;0.600070513
3;0.8;22.52;11;6840;0;0;0;1;57;0.536901754
11;0.35;11.41;434;3240;0;0;0;1;52;0.507903226
1;0.8;22.52;1397;0;138;0;0;0;57;1.100483918
2;0.8;22.52;1327;0;113;0;0;0;57.5;1.000344928
12;0.8;15.26;894;4080;50;0;0;0;34;0.800401961
5;0.75;30.1;610;7080;56;0;0;0;59;0.750799435
6;0.8;18.79;779;3960;0;0;0;0;33;0.688017677
4;0.7;30.1;419;7080;0;0;0;1;59;0.637711864
7;0.65;30.1;909;7080;0;0;0;1;59;0.535677966
11;0.5;11.41;1039;2280;0;0;0;2;55;0.50012336
9;0.8;29.12;14;6960;0;0;0;0;58;0.497885057
8;0.65;30.1;1193;7080;0;0;0;1;59;0.463403955
10;0.8;22.52;10;6000;0;0;0;0;50;0.441392
3;0.35;30.1;770;6960;0;0;0;1;58;0.350301724
1;0.8;22.52;1416;6840;113;0;0;0;57;1.000230409
12;0.8;15.26;942;4080;63;0;0;0;34;0.800401961
2;0.8;22.52;674;3660;63;0;0;0;57;0.80037492
4;0.75;30.1;481;7140;0;0;0;1;59;0.750392157
5;0.75;30.1;664;7140;56;0;0;0;59;0.750392157
8;0.7;30.1;824;5160;0;0;0;1;60;0.700206125
7;0.7;30.1;957;7200;0;0;0;1;60;0.602
11;0.6;11.41;1039;2280;23;0;0;2;55;0.600447507
6;0.8;18.79;822;4080;0;0;0;0;34;0.557252451
3;0.5;30.1;1261;6960;30;0;0;1;58;0.500801724
1;0.8;22.52;1420;6840;113;0;0;0;57;1.000230409
12;0.8;15.26;1120;1440;50;0;0;0;34;0.800806306
5;0.8;30.1;679;7140;0;0;0;0;59.5;0.722568627
7;0.7;30.1;881;7080;0;0;0;1;59;0.700632768
8;0.7;30.1;507;5880;40;2;10;1;59;0.700573099
6;0.75;18.79;814;4080;0;0;0;0;34;0.681598039
11;0.65;11.41;700;2640;23;0;0;2;53;0.650223718
4;0.75;30.1;919;7140;0;0;0;1;59.5;0.598627451
3;0.6;30.1;1361;6960;30;0;0;1;58;0.475718391
2;0.8;22.52;12;6900;0;0;0;0;57.5;0.432122899
9;0.5;18.79;1688;5280;0;0;0;1;54;0.283054487
1;0.8;22.52;1422;6840;113;0;0;0;57;1.000230409
3;0.65;30.1;1263;600;63;0;0;1;58;0.802243319
5;0.8;30.1;461;0;0;0;0;0;59;0.800980392
12;0.8;15.26;1079;3720;38;0;0;0;34;0.800312375
6;0.75;18.79;895;3960;0;0;0;0;33;0.75065101
4;0.75;30.1;912;7020;0;0;0;1;58;0.750356125
7;0.7;30.1;784;600;30;0;0;1;59;0.700459889
8;0.7;30.1;7;7080;27;2;10;2;59;0.621971751
11;0.7;11.41;680;2160;30;0;0;2;54;0.565972222
10;0.6;18.22;1131;5280;0;0;0;1;44;0.35542803
9;0.6;18.79;2103;5400;0;0;0;1;54;0.329964879
1;0.8;22.52;1445;6840;113;0;0;0;57;1.000230409
12;0.8;15.26;1133;4080;38;0;0;0;34;0.800401961
6;0.75;18.79;726;3360;0;0;0;0;33;0.750621354
4;0.75;30.1;849;7020;45;0;0;1;58;0.750356125
7;0.7;30.1;562;840;30;0;0;1;59;0.700888203
11;0.7;11.41;1054;3420;30;0;0;2;56;0.700614035
3;0.7;30.1;1422;6960;50;0;0;1;58;0.700603448
5;0.8;30.1;680;7140;0;0;0;0;59;0.653431373
9;0.65;18.79;2120;5520;0;0;0;1;51;0.650134
8;0.6;29.4;179;0;23;5;30;2;58;0.600982906
2;0.5;30.33;838;6720;0;0;0;1;56;0.361071429
10;0.65;18.22;741;0;0;8;35;1;49;0.302117347
11;0.7;11.41;685;3360;30;0;0;2;56;0.8211125
4;0.8;30.1;864;480;50;0;0;1;58;0.800980392
5;0.8;30.1;511;0;0;0;0;0;59;0.800980392
12;0.8;15.26;1095;4080;63;0;0;0;34;0.800401961
1;0.8;22.52;1374;3960;63;0;0;0;57;0.800279693
6;0.75;18.79;759;3960;34;0;0;0;33;0.75065101
7;0.75;30.1;553;2280;45;0;0;1;59;0.75053268
3;0.7;30.1;1057;0;40;0;0;1;58;0.700603448
9;0.7;18.79;1587;4560;30;0;0;1;51;0.70009573
2;0.6;30.33;868;6840;0;0;0;1;57;0.328131579
10;0.7;19.68;1119;5640;0;8;35;1;47;0.303574468
8;0.65;29.4;962;4560;0;4.5;30;2;57;0.251399254
12;0.8;15.26;1126;1080;38;0;0;0;34;0.800711494
1;0.8;22.52;265;3840;63;0;0;0;57;0.800470513
4;0.8;30.1;859;7020;63;0;0;1;58.5;0.800094017
5;0.8;30.1;276;600;63;3.5;15;0;59.5;0.799982853
6;0.75;18.79;899;3960;56;0;0;0;33;0.75065101
3;0.7;30.1;247;6960;50;0;0;1;58;0.700603448
11;0.7;11.41;653;3480;30;0;0;2;58;0.700540441
8;0.7;29.4;1116;6240;0;0;0;2;57;0.7
9;0.7;18.79;1603;6120;30;0;0;1;51;0.638614379
7;0.75;30.1;444;0;0;5;20;1;59;0.611140537
2;0.65;30.33;841;6840;0;0;0;1;57;0.585315789
10;0.7;19.68;1410;5760;0;0;0;1;48;0.249416667
12;0.8;15.26;1103;4080;63;0;0;0;34;0.800401961
4;0.8;30.1;922;5820;63;0;0;1;59;0.80000295
6;0.75;18.79;1055;3960;45;0;0;0;33;0.75065101
8;0.7;29.4;1146;6840;40;0;0;2;57;0.700614035
2;0.7;30.33;746;6840;0;0;0;1;57;0.700605263
11;0.75;11.41;834;3480;0;0;0;2;58;0.672140805
9;0.7;18.79;1717;3240;30;0;0;1;57;0.627011183
3;0.7;30.1;1041;8160;33;0;0;2;58;0.626577778
10;0.7;21.25;1531;6000;0;0;0;1;50;0.456875
7;0.75;30.1;627;6960;0;3.5;20;1;58;0.393548851
5;0.8;30.1;450;5700;0;4.5;25;0;60;0.307501459
12;0.8;15.26;1060;4080;63;0;0;0;34;0.800401961
4;0.8;30.1;891;7140;38;0;0;1;59;0.800137255
5;0.8;30.1;541;7140;38;0;0;0;59;0.800137255
7;0.75;30.1;709;6960;45;0;0;1;58;0.750770115
6;0.75;18.79;1100;3960;45;0;0;0;33;0.75065101
11;0.75;11.41;826;2820;0;0;0;2;58;0.750293939
2;0.7;30.33;577;2160;30;0;0;1;58;0.700623
8;0.7;29.4;1094;6840;40;0;0;2;57;0.700614035
3;0.7;29.4;1228;6960;30;0;0;2;58;0.700362069
9;0.7;18.79;1641;6000;40;0;0;1;50;0.60128
10;0.7;21.25;1583;6000;0;0;0;1;50;0.417916667
12;0.8;15.26;1062;4080;50;0;0;0;34;0.800401961
5;0.8;30.1;450;7140;50;0;0;0;60;0.800137255
4;0.8;30.1;901;6480;50;0;0;1;59;0.800071839
7;0.75;30.1;739;5640;45;0;0;1;59;0.750727326
6;0.75;18.79;913;3360;45;0;0;0;33;0.75065101
11;0.75;11.61;698;3360;34;0;0;2;57;0.750437269
3;0.75;29.4;1172;5340;45;0;0;2;60;0.750176991
2;0.7;30.33;408;1680;30;0;0;1;59;0.700623
8;0.7;29.4;1079;4560;40;0;0;2;58;0.700518519
9;0.7;18.79;1068;3000;30;0;0;1;52;0.700256795
10;0.7;21.25;1834;6360;0;0;0;1;53;0.471108491
1;0.6;22.53;708;5040;0;0;0;1;42;0.268214286
9;0.75;18.79;1085;6240;56;0;0;1;52;0.970816667
4;0.8;30.1;323;4080;50;0;0;1;59;0.800808642
12;0.8;15.26;1053;4080;50;0;0;0;34;0.800401961
7;0.8;30.1;786;7080;50;0;0;2;59;0.800115819
6;0.75;18.79;1003;3960;45;0;0;1;33;0.75065101
11;0.75;11.61;635;3360;45;0;0;0;57;0.750503571
3;0.75;29.4;1283;6960;45;0;0;2;58;0.750206897
8;0.7;29.4;847;6960;30;0;0;1;58;0.700362069
2;0.7;30.33;361;3960;30;0;0;1;58;0.700069811
10;0.7;21.82;1653;6240;0;0;0;2;52;0.700058333
5;0.8;30.1;15;1200;49;0;0;1;59;0.598792339
1;0.65;22.53;762;5040;0;0;0;1;42;0.581130952
7;0.8;30.1;694;4080;50;0;0;1;59;0.800808642
11;0.8;11.61;816;2820;50;0;0;2;57;0.800516667
12;0.8;15.26;1065;4080;63;0;0;0;34;0.800401961
6;0.75;18.79;912;3960;45;0;0;0;33;0.75065101
3;0.75;29.4;1244;6840;45;0;0;2;57;0.750473684
9;0.75;18.79;1020;5640;45;0;0;1;52;0.750371895
8;0.75;29.4;916;6960;56;0;0;2;58;0.750206897
10;0.7;21.82;1591;3240;0;0;0;1;52;0.700251773
2;0.7;30.33;398;6960;0;0;0;1;58;0.66237931
4;0.8;30.1;437;7080;32;0;0;2;59;0.495617514
5;0.35;27.48;413;6840;38;0;0;1;57;0.449964912
1;0.35;26.66;1164;6600;23;0;0;2;55;0.378895152
11;0.8;11.61;954;0;50;0;0;2;58;0.800779018
12;0.8;15.26;1194;1700;62;0;0;0;34;0.800260821
7;0.8;30.1;644;840;38;0;0;1;59;0.799982853
3;0.75;29.4;1144;4440;45;0;0;2;57;0.750716981
6;0.75;18.79;1012;3960;45;0;0;0;33;0.75065101
8;0.75;29.4;792;4560;56;0;0;2;58;0.750425926
9;0.75;18.79;841;6240;45;0;0;1;52;0.750395513
10;0.7;21.82;1448;6120;40;0;0;1;51;0.700236601
2;0.7;30.33;512;4560;0;0;0;1;58;0.700211111
5;0.5;27.48;609;6840;30;0;0;1;57;0.550403509
1;0.5;26.66;1448;6840;30;0;0;2;57;0.550349708
4;0.5;26.66;556;6960;23;0;0;2;58;0.500258046
12;0.8;15.26;1106;4080;63;0;0;0;34;0.800401961
8;0.75;29.4;622;6240;56;0;0;0;57;0.75075
6;0.75;18.79;1193;3960;45;0;0;0;33;0.75065101
3;0.75;29.4;1143;6840;45;0;0;0;57;0.750473684
9;0.75;18.79;895;6240;34;0;0;0;52;0.750395513
5;0.6;27.48;549;6720;38;0;0;0;56;0.707446429
10;0.7;21.82;1393;5640;30;0;0;0;52;0.700236601
1;0.6;26.66;1578;6840;38;0;0;0;57;0.700019883
2;0.7;30.33;254;1800;0;0;0;0;58;0.683550607
11;0.8;11.61;347;0;50;4;20;0;57;0.682433036
4;0.6;26.66;692;6840;23;0;0;0;57;0.600239766
7;0.8;30.1;934;6960;0;3.5;15;0;58;0.579511494
1;0.65;26.66;1527;6840;65;0;0;0;57;0.800579532
12;0.8;15.26;1035;4080;63;0;0;0;34;0.800401961
11;0.8;11.61;632;0;50;0;0;0;57;0.800309211
3;0.8;29.4;1231;4680;50;0;0;0;57;0.800149813
7;0.8;30.1;616;7080;0;0;0;0;59;0.800115819
6;0.75;18.79;947;2880;34;0;0;0;33;0.750797009
8;0.75;29.4;551;6840;45;0;0;0;57;0.750473684
9;0.75;18.79;935;6240;45;0;0;0;52;0.750395513
4;0.65;26.66;832;6780;55;0;0;0;57;0.750254867
5;0.65;27.48;544;6720;34;0;0;0;56;0.700903571
10;0.7;21.82;1511;3600;30;0;0;0;51;0.70013604
11;0.8;11.41;601;0;50;0;0;0;56;0.800701754
1;0.7;26.66;1562;6960;60;0;0;0;58;0.800566092
12;0.8;15.26;983;4080;50;0;0;0;34;0.800401961
3;0.8;29.4;1156;6840;50;0;0;0;57;0.800333333
7;0.8;30.1;29;7080;50;0;0;0;59;0.800115819
4;0.7;26.66;950;6960;50;0;0;0;58;0.750770115
8;0.75;29.4;534;6840;56;0;0;0;57;0.750473684
9;0.75;18.79;1096;6240;34;0;0;0;52;0.750395513
6;0.75;20.2;402;3120;45;0;0;0;33;0.750212553
5;0.7;27.48;573;6840;30;0;0;0;57;0.700659649
10;0.7;21.82;1313;5040;30;0;0;0;51;0.699984417
2;0.4;15.28;157;5400;0;6.5;30;1;45;0.30277037
11;0.8;11.41;433;0;38;0;0;0;56;0.800701754
12;0.8;15.26;961;4080;50;0;0;0;34;0.800401961
3;0.8;29.4;1169;6840;63;0;0;0;57;0.800333333
7;0.8;30.1;874;3960;50;0;0;0;59;0.800055762
4;0.7;26.82;1028;6960;60;0;0;0;58;0.799975862
1;0.7;26.82;1772;6960;50;0;0;0;58;0.750651724
9;0.75;18.79;1206;6240;34;0;0;0;52;0.750395513
5;0.7;27.48;586;6960;40;0;0;0;58;0.700424138
10;0.7;21.82;1334;5760;30;0;0;0;53;0.700058333
8;0.8;29.4;30;6840;0;0;0;0;57;0.433263158
2;0.5;15.28;261;5520;0;0;0;1;46;0.404144928
6;0.75;18.79;52;3960;0;0;0;0;33;0.332146465
11;0.8;11.41;455;3420;50;0;0;0;56;0.800701754
3;0.8;29.4;797;1800;63;0;0;0;57;0.800534979
12;0.8;15.26;959;4080;50;0;0;0;34;0.800401961
1;0.7;26.82;1373;6960;50;0;0;0;58;0.750651724
9;0.75;18.79;1228;6240;45;0;0;0;52;0.750395513
4;0.7;26.82;1117;7080;50;0;0;0;59;0.750050847
5;0.7;27.48;230;6960;40;0;0;0;58;0.700424138
10;0.7;21.82;1390;6000;30;0;0;0;50;0.700422
2;0.6;15.28;529;1320;0;0;0;1;46;0.600099145
7;0.8;30.1;834;1200;0;4;40;0;59;0.366053523
6;0.35;22.53;1450;2640;0;0;0;1;39;0.26369382
12;0.8;15.26;986;4080;75;0;0;0;34;0.850520588
1;0.7;26.82;1267;8160;70;0;0;0;58;0.850045
4;0.7;26.82;1195;6960;60;0;0;0;58;0.800746552
3;0.8;29.4;983;6840;63;0;0;1;57;0.800578947
11;0.8;11.41;471;3420;50;0;0;0;58;0.800034503
9;0.75;18.79;1226;3480;45;0;0;0;51;0.749987124
10;0.7;21.82;1251;6000;30;0;0;0;50;0.700422
2;0.65;16.1;626;4200;0;0;0;1;45;0.65024031
6;0.5;23.41;1379;2280;0;0;0;1;39;0.500528095
5;0.7;27.48;541;6960;24;0;0;1;58;0.408960345
4;0.75;26.82;1082;6840;65;0;0;0;57;0.850084211
1;0.75;26.82;1254;6960;65;0;0;0;58;0.85007069
3;0.8;30.1;1278;3360;50;0;0;1;57;0.800511068
12;0.8;15.26;1064;4080;63;0;0;0;34;0.800401961
11;0.8;11.41;313;3420;50;0;0;0;58;0.800034503
9;0.75;18.79;1239;5640;45;0;0;0;52;0.750371895
10;0.7;21.82;1335;6000;30;0;0;0;50;0.700422
2;0.7;16.1;928;4800;30;0;0;1;45;0.700106061
6;0.6;23.41;1266;2520;23;0;0;1;38;0.601037091
8;0.6;30.48;869;6720;0;0;0;1;56;0.600528571
5;0.5;26.82;711;7080;23;0;0;1;59;0.500033898
4;0.75;26.82;1079;7020;65;0;0;0;58;0.850446154
1;0.75;26.82;1322;7140;65;0;0;0;59;0.850426891
3;0.8;30.1;964;5160;50;0;0;1;58;0.800842424
12;0.8;15.26;1132;4080;63;0;0;0;34;0.800401961
11;0.8;11.41;357;3420;50;0;0;0;58;0.800034503
9;0.75;18.79;1193;6240;45;0;0;0;52;0.750395513
2;0.7;16.1;817;5520;30;0;0;1;45;0.700516224
10;0.7;21.82;1576;6000;30;0;0;0;50;0.700422
6;0.65;23.41;1262;4560;35;0;0;1;38;0.650962281
8;0.65;30.48;953;6720;26;0;0;1;56;0.650421429
5;0.6;26.82;919;7080;23;0;0;1;59;0.600040678
7;0.5;30.48;1161;6600;0;0;0;1;55;0.500610909
1;0.75;26.82;1574;7080;75;0;0;0;59;0.900061017
4;0.75;26.82;1104;5880;65;0;0;0;59;0.850084211
12;0.8;15.26;1069;4080;63;0;0;0;34;0.800401961
3;0.8;30.1;756;6960;63;0;0;1;58;0.800071839
11;0.8;11.41;338;3420;50;0;0;0;58;0.800034503
10;0.75;21.82;1499;6000;34;0;0;0;50;0.750608
9;0.75;18.79;1247;6240;45;0;0;0;52;0.750395513
8;0.7;30.48;923;6840;30;0;0;1;57;0.700505263
6;0.7;23.41;1180;4560;30;0;0;1;38;0.700246491
2;0.7;16.1;957;5400;40;0;0;1;45;0.700051852
5;0.65;26.82;1001;7080;26;0;0;1;59;0.650044068
7;0.6;30.48;1017;6840;25;0;0;1;57;0.630402924
12;0.8;15.26;470;4080;63;0;0;0;34;0.800401961
3;0.8;30.1;735;6960;63;0;0;1;58;0.800071839
11;0.8;11.41;560;3420;50;0;0;0;58;0.800034503
10;0.75;21.82;1674;6000;34;0;0;0;50;0.750608
9;0.75;18.79;290;5040;45;0;0;0;52;0.750347333
2;0.75;16.1;971;5400;45;0;0;1;45;0.750140741
1;0.75;26.82;1322;7080;45;0;0;0;59;0.750050847
4;0.75;26.82;1054;7080;45;0;0;0;59;0.750050847
5;0.7;26.82;992;6960;30;0;0;1;58;0.700556897
8;0.7;30.48;914;6840;30;0;0;1;57;0.700505263
6;0.7;23.41;1128;4560;40;0;0;1;38;0.700246491
7;0.65;30.48;935;6840;26;0;0;1;57;0.650596491
